feature,importance,method,model,target,algorithm
categorical__Heart Rate_Lower,1.0379115482807557,absolute_coefficient,LogisticRegression,history_of_heart_failure,LogisticRegression
categorical__status of smoking_No,0.9061170754524702,absolute_coefficient,LogisticRegression,history_of_heart_failure,LogisticRegression
categorical__Sputum_purlent,0.8636160187787837,absolute_coefficient,LogisticRegression,history_of_heart_failure,LogisticRegression
categorical__Blood pressure_Normal,0.7253663134530901,absolute_coefficient,LogisticRegression,history_of_heart_failure,LogisticRegression
categorical__Heart Rate_84,0.7235635417984401,absolute_coefficient,LogisticRegression,history_of_heart_failure,LogisticRegression
categorical__Blood pressure_Crisis,0.7219260427438986,absolute_coefficient,LogisticRegression,history_of_heart_failure,LogisticRegression
categorical__Heart Rate_Normal,0.66807228645787,absolute_coefficient,LogisticRegression,history_of_heart_failure,LogisticRegression
categorical__Blood pressure_Stage 2,0.6323483796291816,absolute_coefficient,LogisticRegression,history_of_heart_failure,LogisticRegression
categorical__Heart Rate_69,0.609276064439972,absolute_coefficient,LogisticRegression,history_of_heart_failure,LogisticRegression
"categorical__BMI,kg/m2 (IMC)_26-30 kg/m2",0.6005183110480256,absolute_coefficient,LogisticRegression,history_of_heart_failure,LogisticRegression
categorical__Temperature_Higher,0.5159555265778009,absolute_coefficient,LogisticRegression,history_of_heart_failure,LogisticRegression
categorical__Blood pressure_Stage1,0.5124349512056834,absolute_coefficient,LogisticRegression,history_of_heart_failure,LogisticRegression
categorical__Blood pressure_Elevate,0.48867409017302105,absolute_coefficient,LogisticRegression,history_of_heart_failure,LogisticRegression
categorical__Heart Rate_95,0.48762452368452736,absolute_coefficient,LogisticRegression,history_of_heart_failure,LogisticRegression
categorical__Location_Pasto,0.4576314581670638,absolute_coefficient,LogisticRegression,history_of_heart_failure,LogisticRegression
categorical__Sputum_Purulento,0.4443652264026181,absolute_coefficient,LogisticRegression,history_of_heart_failure,LogisticRegression
categorical__Heart Rate_74,0.41199570745825675,absolute_coefficient,LogisticRegression,history_of_heart_failure,LogisticRegression
"categorical__BMI,kg/m2 (IMC)_21<BMI<25",0.41130485908931247,absolute_coefficient,LogisticRegression,history_of_heart_failure,LogisticRegression
categorical__Sputum_Purlent,0.4092281088618338,absolute_coefficient,LogisticRegression,history_of_heart_failure,LogisticRegression
"categorical__BMI,kg/m2 (IMC)_≥35 kg/m2",0.40757155104384263,absolute_coefficient,LogisticRegression,history_of_heart_failure,LogisticRegression
categorical__Genero Sexo_Hombre,0.40054404239629654,absolute_coefficient,LogisticRegression,history_of_heart_failure,LogisticRegression
categorical__Genero Sexo_Mujer,0.39965707711419335,absolute_coefficient,LogisticRegression,history_of_heart_failure,LogisticRegression
categorical__Heart Rate_117,0.3986449161368875,absolute_coefficient,LogisticRegression,history_of_heart_failure,LogisticRegression
"categorical__BMI,kg/m2 (IMC)_25≥ BMI <30",0.39748279296908645,absolute_coefficient,LogisticRegression,history_of_heart_failure,LogisticRegression
categorical__Location_Cali,0.37821527549455725,absolute_coefficient,LogisticRegression,history_of_heart_failure,LogisticRegression
categorical__Heart Rate_67,0.37481227962271846,absolute_coefficient,LogisticRegression,history_of_heart_failure,LogisticRegression
categorical__status of smoking_Activo,0.3709584466524421,absolute_coefficient,LogisticRegression,history_of_heart_failure,LogisticRegression
categorical__Heart Rate_Higher,0.37093216807348267,absolute_coefficient,LogisticRegression,history_of_heart_failure,LogisticRegression
categorical__Heart Rate_86,0.3610485040919504,absolute_coefficient,LogisticRegression,history_of_heart_failure,LogisticRegression
categorical__Heart Rate_79,0.35069095260742217,absolute_coefficient,LogisticRegression,history_of_heart_failure,LogisticRegression
