position,column,dtype,inferredType,rows,nonMissing,missing,missingPercent,uniqueValues,isTarget,targetLikeName,identifierLike,numericCount,numericMin,numericMax,numericMean,numericMedian,numericStd,sampleValues
0,Unnamed: 0,float64,numeric,456,17,439,96.27192982456141,17,False,False,True,17,5.0,87.0,60.529411764705884,67.0,26.165620685975576,"[""5.0"", ""13.0"", ""34.0"", ""37.0"", ""47.0"", ""51.0"", ""56.0"", ""57.0"", ""67.0"", ""79.0""]"
1,ID,float64,numeric,456,96,360,78.94736842105263,85,False,False,True,96,2.0,220.0,104.26041666666667,106.0,57.95447301962512,"[""136.0"", ""49.0"", ""144.0"", ""24.0"", ""122.0"", ""73.0"", ""6.0"", ""91.0"", ""76.0"", ""34.0""]"
2,EDAD,float64,numeric,456,456,0,0.0,6,False,False,False,456,60.0,65.0,62.74122807017544,63.0,1.686054574143599,"[""65.0"", ""64.0"", ""64.0"", ""65.0"", ""64.0"", ""65.0"", ""63.0"", ""60.0"", ""62.0"", ""63.0""]"
3,Genero Sexo,object,categorical_low_cardinality,456,456,0,0.0,3,False,False,False,0,,,,,,"[""Hombre"", ""Hombre"", ""Mujer"", ""Mujer"", ""Hombre"", ""Mujer"", ""Hombre"", ""Hombre"", ""Mujer"", ""Mujer""]"
4,PackHistory,float64,numeric,456,96,360,78.94736842105263,50,False,False,False,96,0.0,90.0,25.375,27.5,20.7040550312455,"[""68.0"", ""30.0"", ""40.0"", ""66.0"", ""90.0"", ""34.0"", ""44.0"", ""14.0"", ""80.0"", ""50.0""]"
5,COPDSEVERITY,object,categorical_low_cardinality,456,17,439,96.27192982456141,4,False,False,False,0,,,,,,"[""SEVERE"", ""VERY SEVERE"", ""MODERATE"", ""MODERATE"", ""SEVERE"", ""MODERATE"", ""SEVERE"", ""MODERATE"", ""MILD"", ""MODERATE""]"
6,MWT1,float64,numeric,456,16,440,96.49122807017544,13,False,False,False,16,204.0,496.0,420.125,459.0,85.75303687528117,"[""204.0"", ""246.0"", ""372.0"", ""363.0"", ""416.0"", ""420.0"", ""435.0"", ""459.0"", ""476.0"", ""468.0""]"
7,MWT2,float64,numeric,456,17,439,96.27192982456141,14,False,False,False,17,210.0,498.0,420.94117647058823,438.0,85.46890559454597,"[""210.0"", ""234.0"", ""369.0"", ""383.0"", ""390.0"", ""420.0"", ""437.0"", ""438.0"", ""453.0"", ""414.0""]"
8,MWT1Best,float64,numeric,456,17,439,96.27192982456141,14,False,False,False,17,210.0,498.0,427.5882352941176,459.0,84.60870140204952,"[""210.0"", ""246.0"", ""372.0"", ""383.0"", ""416.0"", ""420.0"", ""437.0"", ""438.0"", ""459.0"", ""476.0""]"
9,FEV1,object,range_or_interval,456,96,360,78.94736842105263,23,False,False,False,17,0.45,3.18,1.6500000000000004,1.69,0.6687488317746806,"[""1.07"", ""0.45"", ""1.81"", ""2"", ""1.26"", ""1.45"", ""1.28"", ""2.12"", ""1.93"", ""1.69""]"
10,FEV1PRED,float64,numeric,456,17,439,96.27192982456141,16,False,False,False,17,3.29,92.0,57.37,61.0,23.757152607162332,"[""42.0"", ""17.0"", ""77.0"", ""75.0"", ""44.0"", ""61.0"", ""40.0"", ""76.0"", ""61.0"", ""68.0""]"
11,FVC,float64,numeric,456,17,439,96.27192982456141,17,False,False,False,17,1.52,4.54,2.9970588235294118,3.2,0.8456267254666975,"[""2.91"", ""1.56"", ""3.24"", ""3.35"", ""2.1"", ""2.85"", ""3.56"", ""3.62"", ""3.39"", ""2.31""]"
12,FVCPRED,float64,numeric,456,17,439,96.27192982456141,16,False,False,False,17,45.0,123.0,90.41176470588235,97.0,21.874810923552605,"[""98.0"", ""45.0"", ""109.0"", ""107.0"", ""58.0"", ""101.0"", ""87.0"", ""97.0"", ""123.0"", ""73.0""]"
13,CAT,float64,numeric,456,17,439,96.27192982456141,13,False,False,False,17,5.0,32.0,17.058823529411764,15.0,7.845943125552961,"[""32.0"", ""15.0"", ""17.0"", ""5.0"", ""18.0"", ""27.0"", ""20.0"", ""14.0"", ""6.0"", ""14.0""]"
14,HAD,float64,numeric,456,17,439,96.27192982456141,12,False,False,False,17,2.0,56.2,14.835294117647058,14.0,12.371789541961512,"[""18.0"", ""22.0"", ""14.0"", ""5.0"", ""15.0"", ""14.0"", ""17.0"", ""22.0"", ""8.0"", ""15.0""]"
15,SGRQ,float64,numeric,456,17,439,96.27192982456141,17,False,False,False,17,2.0,75.56,39.59705882352941,41.1,20.2945669344981,"[""75.56"", ""50.53"", ""27.27"", ""25.02"", ""42.01"", ""41.1"", ""62.09"", ""51.77"", ""10.01"", ""47.36""]"
16,smoking,float64,numeric,456,17,439,96.27192982456141,2,False,False,False,17,1.0,2.0,1.8235294117647058,2.0,0.3929526239966879,"[""2.0"", ""2.0"", ""2.0"", ""2.0"", ""2.0"", ""1.0"", ""2.0"", ""2.0"", ""2.0"", ""2.0""]"
17,AtrialFib,float64,numeric,456,17,439,96.27192982456141,2,False,False,False,17,0.0,1.0,0.17647058823529413,0.0,0.39295262399668784,"[""0.0"", ""1.0"", ""0.0"", ""1.0"", ""0.0"", ""0.0"", ""0.0"", ""0.0"", ""1.0"", ""0.0""]"
18,dataset_origen,object,categorical_low_cardinality,456,456,0,0.0,4,False,False,False,0,,,,,,"[""dataset Estados Unidos.csv"", ""dataset Estados Unidos.csv"", ""dataset Estados Unidos.csv"", ""dataset Estados Unidos.csv"", ""dataset Estados Unidos.csv"", ""dataset Estados Unidos.csv"", ""dataset Estados Unidos.csv"", ""dataset Estados Unidos.csv"", ""dataset Estados Unidos.csv"", ""dataset Estados Unidos.csv""]"
19,"BMI,kg/m2 (IMC)",object,categorical_or_text,456,439,17,3.7280701754385963,172,False,False,False,357,0.0,166.67,28.621260504201683,26.81,13.137023089492423,"[""<21 kg/m2"", ""21<BMI<25"", ""21<BMI<25"", ""21<BMI<25"", ""25≥ BMI <30"", ""<21 kg/m2"", ""25≥ BMI <30"", ""30 ≥BMI <35"", ""21<BMI<25"", ""30 ≥BMI <35""]"
20,COPD GOLD(1 a 4) (Target),float64,numeric,456,96,360,78.94736842105263,4,True,True,False,96,1.0,4.0,2.2291666666666665,2.0,1.0904288549553787,"[""3.0"", ""4.0"", ""2.0"", ""2.0"", ""3.0"", ""2.0"", ""3.0"", ""2.0"", ""1.0"", ""2.0""]"
21,History of Heart Failure(Si ó no)(Target),object,categorical_low_cardinality,456,79,377,82.67543859649122,2,True,True,False,0,,,,,,"[""No"", ""No"", ""No"", ""No"", ""Si"", ""No"", ""No"", ""No"", ""No"", ""Si""]"
22,Location,object,categorical_low_cardinality,456,456,0,0.0,6,False,False,False,0,,,,,,"[""Estados Unidos"", ""Estados Unidos"", ""Estados Unidos"", ""Estados Unidos"", ""Estados Unidos"", ""Estados Unidos"", ""Estados Unidos"", ""Estados Unidos"", ""Estados Unidos"", ""Estados Unidos""]"
23,mMRC,float64,numeric,456,79,377,82.67543859649122,5,False,False,False,79,0.0,4.0,2.151898734177215,2.0,1.441941422713433,"[""3.0"", ""1.0"", ""0.0"", ""0.0"", ""4.0"", ""0.0"", ""0.0"", ""2.0"", ""2.0"", ""4.0""]"
24,status of smoking,object,categorical_low_cardinality,456,79,377,82.67543859649122,5,False,False,False,1,4.0,4.0,4.0,4.0,0.0,"[""Nunca"", ""Nunca"", ""Activo"", ""Activo"", ""Nunca"", ""Activo"", ""Activo"", ""Nunca"", ""Nunca"", ""Nunca""]"
25,Temperature,object,categorical_low_cardinality,456,79,377,82.67543859649122,3,False,False,False,0,,,,,,"[""Normal"", ""Normal"", ""Normal"", ""Normal"", ""High"", ""Normal"", ""Normal"", ""High"", ""Normal"", ""High""]"
26,Respiratory Rate,float64,numeric,456,79,377,82.67543859649122,18,False,False,False,79,14.0,32.0,20.860759493670887,21.0,5.17076143084831,"[""18.0"", ""16.0"", ""16.0"", ""16.0"", ""22.0"", ""15.0"", ""16.0"", ""19.0"", ""18.0"", ""22.0""]"
27,Heart Rate,object,categorical_or_text,456,79,377,82.67543859649122,34,False,False,False,44,63.0,125.0,90.27272727272727,89.5,19.06093489051978,"[""Higher"", ""Normal"", ""Normal"", ""Normal"", ""Higher"", ""Normal"", ""Normal"", ""Higher"", ""Higher"", ""Higher""]"
28,Blood pressure,object,categorical_low_cardinality,456,79,377,82.67543859649122,7,False,False,False,0,,,,,,"[""Stage1"", ""Normal"", ""Normal"", ""Normal"", ""Crisis"", ""Normal"", ""Normal"", ""Elevate"", ""Elevate"", ""Crisis""]"
29,Oxygen Saturation,float64,numeric,456,79,377,82.67543859649122,18,False,False,False,79,0.82,0.99,0.9254430379746835,0.94,0.04618239947665795,"[""0.95"", ""0.97"", ""0.95"", ""0.97"", ""0.9"", ""0.97"", ""0.98"", ""0.95"", ""0.95"", ""0.89""]"
30,Sputum,object,categorical_low_cardinality,456,79,377,82.67543859649122,6,False,False,False,0,,,,,,"[""Purulento"", ""Normal"", ""Purulento"", ""Normal"", ""Purulento"", ""Normal"", ""Normal"", ""Normal"", ""Purlent"", ""Purlent""]"
31,Asma,float64,empty,456,0,456,100.0,0,False,False,False,0,,,,,,[]
32,Insuficiencia cardiaca,float64,empty,456,0,456,100.0,0,False,False,False,0,,,,,,[]
33,CICLO_DE_VIDA,float64,empty,456,0,456,100.0,0,False,False,False,0,,,,,,[]
34,NOMBRE_DIAG,object,categorical_or_text,456,360,96,21.052631578947366,58,False,False,False,0,,,,,,"[""HIPERTENSION ESENCIAL (PRIMARIA)"", ""HIPERTENSION ESENCIAL (PRIMARIA)"", ""HIPERTENSION ESENCIAL (PRIMARIA)"", ""HIPERTENSION ESENCIAL (PRIMARIA)"", ""HIPERTENSION ESENCIAL (PRIMARIA)"", ""HIPERTENSION ESENCIAL (PRIMARIA)"", ""DIABETES MELLITUS NO INSULINODEPENDIENTE, SIN MENCION DE COMPLICACION"", ""SÍNDROME POSTPOLIO"", ""SÍNDROME POSTPOLIO"", ""HIPERTENSION ESENCIAL (PRIMARIA)""]"
35,PESO,float64,numeric,456,360,96,21.052631578947366,67,False,False,False,360,0.0,103.0,67.34333333333333,68.0,17.611154669760538,"[""0.0"", ""60.0"", ""0.0"", ""54.0"", ""86.0"", ""61.0"", ""76.0"", ""63.0"", ""63.0"", ""73.0""]"
36,TALLA(altura ó Height/m),float64,numeric,456,439,17,3.7280701754385963,82,False,False,False,439,0.0,182.0,125.58895216400911,154.0,62.668565939316025,"[""1.78"", ""1.91"", ""1.88"", ""1.77"", ""1.9"", ""1.81"", ""1.72"", ""1.74"", ""1.98"", ""1.79""]"
37,ESTADO PULMONAR,object,categorical_low_cardinality,456,360,96,21.052631578947366,3,False,False,False,0,,,,,,"[""Normal"", ""Normal"", ""Normal"", ""Normal"", ""Normal"", ""Normal"", ""Normal"", ""Normal"", ""Normal"", ""Normal""]"
38,BODEX (0 a 10 puntos) (Target),float64,numeric,456,360,96,21.052631578947366,1,True,True,False,360,4.0,4.0,4.0,4.0,0.0,"[""4.0"", ""4.0"", ""4.0"", ""4.0"", ""4.0"", ""4.0"", ""4.0"", ""4.0"", ""4.0"", ""4.0""]"
39,ESCALA DISNEA (0 a 10 puntos) (Target),float64,numeric,456,360,96,21.052631578947366,3,True,True,False,360,2.0,10.0,9.772222222222222,10.0,1.2942149212775458,"[""10.0"", ""10.0"", ""10.0"", ""10.0"", ""10.0"", ""10.0"", ""10.0"", ""10.0"", ""10.0"", ""10.0""]"
40,RIESGO CARDIOVASCULAR,object,categorical_low_cardinality,456,360,96,21.052631578947366,1,False,False,False,0,,,,,,"[""Riesgo bajo"", ""Riesgo bajo"", ""Riesgo bajo"", ""Riesgo bajo"", ""Riesgo bajo"", ""Riesgo bajo"", ""Riesgo bajo"", ""Riesgo bajo"", ""Riesgo bajo"", ""Riesgo bajo""]"
41,EPOCCONFIRMADO(Si ó no) (Target),object,categorical_low_cardinality,456,456,0,0.0,1,False,True,False,0,,,,,,"[""Si"", ""Si"", ""Si"", ""Si"", ""Si"", ""Si"", ""Si"", ""Si"", ""Si"", ""Si""]"
42,"CLASIFISUI (1 a 5, clasificacion urgencias) (Target)",float64,numeric,456,360,96,21.052631578947366,2,True,True,False,360,4.0,5.0,4.838888888888889,5.0,0.36814507387628426,"[""5.0"", ""5.0"", ""5.0"", ""5.0"", ""5.0"", ""5.0"", ""4.0"", ""5.0"", ""5.0"", ""5.0""]"
43,DISCAPACIDAD,object,categorical_low_cardinality,456,360,96,21.052631578947366,2,False,False,False,0,,,,,,"[""Si"", ""Si"", ""Si"", ""No"", ""No"", ""No"", ""No"", ""Si"", ""Si"", ""No""]"
44,TIPODISCAPAC,object,categorical_low_cardinality,456,360,96,21.052631578947366,8,False,False,False,0,,,,,,"[""Motora/Física"", ""Motora/Física"", ""Motora/Física"", ""Ninguna"", ""Ninguna"", ""Motora/Física"", ""Ninguna"", ""Motora/Física"", ""Motora/Física"", ""Ninguna""]"
45,OCUPACION,object,categorical_or_text,456,360,96,21.052631578947366,34,False,False,False,0,,,,,,"[""CESANTE"", ""CESANTE"", ""CESANTE"", ""HOGAR"", ""AMA DE CASA"", ""PUBLICISTA"", ""AMA DE CASA"", ""HOGAR"", ""HOGAR"", ""AMA DE CASA""]"
46,Altura_MSNM,float64,numeric,456,456,0,0.0,6,False,False,False,456,12.0,2640.0,2285.719298245614,2640.0,835.631005992603,"[""309.0"", ""309.0"", ""309.0"", ""309.0"", ""309.0"", ""309.0"", ""309.0"", ""309.0"", ""309.0"", ""309.0""]"
