targetKey,targetColumn,targetLabel,theoreticalRange,expectedValue,count,present,percentage
copd_gold,COPD GOLD(1 a 4) (Target),COPD GOLD (1–4),1-4,1,31,True,32.29166666666667
copd_gold,COPD GOLD(1 a 4) (Target),COPD GOLD (1–4),1-4,2,29,True,30.208333333333332
copd_gold,COPD GOLD(1 a 4) (Target),COPD GOLD (1–4),1-4,3,19,True,19.791666666666664
copd_gold,COPD GOLD(1 a 4) (Target),COPD GOLD (1–4),1-4,4,17,True,17.708333333333336
history_of_heart_failure,History of Heart Failure(Si ó no)(Target),Antecedente de insuficiencia cardiaca,SI / NO,SI,31,True,39.24050632911392
history_of_heart_failure,History of Heart Failure(Si ó no)(Target),Antecedente de insuficiencia cardiaca,SI / NO,NO,48,True,60.75949367088608
bodex,BODEX (0 a 10 puntos) (Target),BODEX (0–10),0-10,0,0,False,0.0
bodex,BODEX (0 a 10 puntos) (Target),BODEX (0–10),0-10,1,0,False,0.0
bodex,BODEX (0 a 10 puntos) (Target),BODEX (0–10),0-10,2,0,False,0.0
bodex,BODEX (0 a 10 puntos) (Target),BODEX (0–10),0-10,3,0,False,0.0
bodex,BODEX (0 a 10 puntos) (Target),BODEX (0–10),0-10,4,360,True,100.0
bodex,BODEX (0 a 10 puntos) (Target),BODEX (0–10),0-10,5,0,False,0.0
bodex,BODEX (0 a 10 puntos) (Target),BODEX (0–10),0-10,6,0,False,0.0
bodex,BODEX (0 a 10 puntos) (Target),BODEX (0–10),0-10,7,0,False,0.0
bodex,BODEX (0 a 10 puntos) (Target),BODEX (0–10),0-10,8,0,False,0.0
bodex,BODEX (0 a 10 puntos) (Target),BODEX (0–10),0-10,9,0,False,0.0
bodex,BODEX (0 a 10 puntos) (Target),BODEX (0–10),0-10,10,0,False,0.0
escala_disnea,ESCALA DISNEA (0 a 10 puntos) (Target),Escala de disnea (0–10),0-10,0,0,False,0.0
escala_disnea,ESCALA DISNEA (0 a 10 puntos) (Target),Escala de disnea (0–10),0-10,1,0,False,0.0
escala_disnea,ESCALA DISNEA (0 a 10 puntos) (Target),Escala de disnea (0–10),0-10,2,8,True,2.2222222222222223
escala_disnea,ESCALA DISNEA (0 a 10 puntos) (Target),Escala de disnea (0–10),0-10,3,0,False,0.0
escala_disnea,ESCALA DISNEA (0 a 10 puntos) (Target),Escala de disnea (0–10),0-10,4,3,True,0.8333333333333334
escala_disnea,ESCALA DISNEA (0 a 10 puntos) (Target),Escala de disnea (0–10),0-10,5,0,False,0.0
escala_disnea,ESCALA DISNEA (0 a 10 puntos) (Target),Escala de disnea (0–10),0-10,6,0,False,0.0
escala_disnea,ESCALA DISNEA (0 a 10 puntos) (Target),Escala de disnea (0–10),0-10,7,0,False,0.0
escala_disnea,ESCALA DISNEA (0 a 10 puntos) (Target),Escala de disnea (0–10),0-10,8,0,False,0.0
escala_disnea,ESCALA DISNEA (0 a 10 puntos) (Target),Escala de disnea (0–10),0-10,9,0,False,0.0
escala_disnea,ESCALA DISNEA (0 a 10 puntos) (Target),Escala de disnea (0–10),0-10,10,349,True,96.94444444444444
clasifisui,"CLASIFISUI (1 a 5, clasificacion urgencias) (Target)",Clasificación SUI (urgencias),1-5,1,0,False,0.0
clasifisui,"CLASIFISUI (1 a 5, clasificacion urgencias) (Target)",Clasificación SUI (urgencias),1-5,2,0,False,0.0
clasifisui,"CLASIFISUI (1 a 5, clasificacion urgencias) (Target)",Clasificación SUI (urgencias),1-5,3,0,False,0.0
clasifisui,"CLASIFISUI (1 a 5, clasificacion urgencias) (Target)",Clasificación SUI (urgencias),1-5,4,58,True,16.11111111111111
clasifisui,"CLASIFISUI (1 a 5, clasificacion urgencias) (Target)",Clasificación SUI (urgencias),1-5,5,302,True,83.88888888888889
